회원, 동맹 공헌 랭킹, 본 서버 공헌 랭킹, 공헌이번 주, 전공이번 주, 협공이번 주, 기부이번 주, 공헌총량, 전공총량, 협공총량, 기부총량, 세력치, 소속 주, 그룹
SP연어, 197, 1201, 9043992, 0, 1358, 0, 9043992, 0, 1358, 0, 12500, 강동, 그룹 없음
新앱솔루트, 117, 678, 4899117, 0, 9569, 0, 10353324, 0, 9919, 48578, 13003, 강하, 신의악단
無限대구장, 23, 163, 10296714, 177, 13939, 0, 15402555, 177, 14289, 20467, 14550, 강하, 그룹 없음
別들의친족, 26, 154, 7619124, 0, 11087, 0, 13329848, 0, 11437, 0, 15803, 강동, 인연別
혀누임, 8, 80, 11476540, 2787, 14792, 0, 16841081, 2787, 15142, 21000, 17820, 강하, 그룹 없음
緣차슨생, 11, 87, 16212267, 0, 13187, 0, 23267428, 0, 13187, 12393, 17920, 강하, 인연別
으랏차차농부, 16, 106, 12434411, 25, 11546, 0, 17930110, 25, 11896, 20238, 17500, 강하, 그룹 없음
锋두르, 133, 762, 12061886, 0, 6134, 0, 17533792, 0, 6134, 10862, 17260, 강하, 그룹 없음
SPㆍ킹, 138, 779, 10760661, 0, 8333, 0, 14306176, 0, 8333, 0, 15420, 강하, 그룹 없음
緣진하, 96, 554, 10710540, 0, 8682, 0, 14729780, 0, 8682, 20880, 17540, 강하, 인연別
SP포고라니, 68, 378, 10617294, 0, 10531, 0, 15947883, 0, 10881, 0, 17300, 강하, 그룹 없음
锋이야, 43, 240, 10011718, 0, 11190, 19987, 14757103, 0, 11190, 19987, 15140, 강하, 그룹 없음
無限성난냥이, 27, 166, 9773304, 0, 15060, 0, 15160140, 0, 15410, 15868, 16250, 강하, 그룹 없음
영오농부, 2, 53, 8664108, 0, 15697, 0, 15884751, 0, 15697, 20026, 16830, 강하, 그룹 없음
锋빠, 173, 1008, 4763598, 0, 4490, 0, 6753018, 0, 4490, 0, 11693, 강하, 그룹 없음
無限회장, 167, 935, 4324361, 0, 4229, 0, 7065401, 0, 4579, 0, 12020, 강하, 그룹 없음
SP수달, 101, 584, 3548739, 948, 8717, 0, 5703365, 948, 9067, 37738, 11053, 강동, 그룹 없음
꾸러기온리, 118, 686, 22421510, 0, 7137, 0, 28421768, 0, 7487, 15652, 17150, 강하, 인연別
緣킁, 108, 624, 20084937, 0, 10188, 0, 25018588, 0, 10188, 0, 18650, 강하, 인연別
緣부끄런꼬기, 77, 450, 18699050, 2620, 10713, 0, 26914532, 2620, 10713, 2081, 18680, 강하, 인연別
緣주, 196, 1197, 18663755, 36, 1015, 0, 27178248, 36, 1015, 0, 19590, 강하, 인연別
태리농부, 132, 753, 17445888, 0, 9026, 0, 22538262, 0, 9376, 20799, 19150, 강하, 그룹 없음
칼끝, 32, 215, 16847768, 0, 12375, 0, 24126162, 0, 12375, 0, 20050, 강하, 그룹 없음
新화요, 1, 46, 16738409, 0, 13405, 0, 23187894, 0, 13755, 16000, 18700, 강하, 신의악단
锋투, 58, 337, 16403697, 16, 8708, 0, 24256541, 16, 8708, 20169, 19840, 강하, 그룹 없음
無限동백, 69, 400, 16267674, 0, 9563, 0, 23484672, 0, 9563, 19290, 19480, 강하, 그룹 없음
緣동자, 171, 999, 16223877, 0, 4448, 0, 20781210, 0, 4448, 0, 18053, 강하, 인연別
킹핀느ㆍ, 12, 94, 16038932, 344, 14187, 0, 23775880, 344, 14187, 0, 19870, 강하, 그룹 없음
여호수야, 185, 1105, 15700336, 0, 2625, 0, 21883263, 0, 2625, 29668, 19873, 강하, 그룹 없음
緣엔프제, 85, 495, 15092179, 0, 9783, 0, 20150890, 0, 9783, 21422, 16890, 강하, 인연別
킹아아ㆍ, 6, 62, 14557173, 0, 11426, 0, 20606214, 0, 11426, 0, 17870, 강하, 그룹 없음
锋고, 107, 622, 14263756, 461, 7227, 0, 21330482, 461, 7227, 0, 18420, 강하, 그룹 없음
新가르나초선, 5, 59, 14213584, 10, 8302, 0, 20977177, 10, 8302, 0, 18210, 강하, 신의악단
SP하노이, 41, 246, 14057501, 0, 8974, 0, 19154197, 0, 9324, 26189, 18110, 강하, 그룹 없음
新캡틴Q, 20, 130, 14039058, 0, 17346, 0, 21240054, 0, 17346, 0, 16550, 강하, 신의악단
김크니, 25, 147, 13848222, 822, 11496, 0, 18715616, 822, 11846, 0, 15300, 강하, 신의악단
別삼봉, 136, 788, 13669722, 0, 8231, 0, 19943925, 0, 8231, 0, 17860, 강하, 인연別
아련한농부, 157, 895, 13472505, 0, 7028, 0, 18782493, 0, 7378, 21204, 16273, 강하, 그룹 없음
ZENITH, 113, 651, 13267447, 0, 7600, 0, 19792752, 0, 7600, 20329, 18470, 강하, 인연別
別모략가, 76, 441, 13226757, 3, 11831, 0, 19657035, 3, 12181, 20771, 16680, 강하, 인연別
锋피셜, 47, 267, 13127843, 0, 12228, 0, 18437413, 0, 12578, 21067, 18380, 강하, 그룹 없음
緣pop, 39, 228, 13003052, 0, 7696, 0, 16353594, 0, 7696, 12928, 17700, 강하, 인연別
제망량, 94, 557, 12594882, 50, 10748, 0, 18319122, 50, 10748, 20026, 16963, 강하, 인연別
마스터농부, 3, 52, 12496437, 49, 13019, 0, 17686912, 49, 13019, 0, 16560, 강하, 그룹 없음
別자몽, 34, 225, 12374997, 21, 13643, 0, 17407382, 21, 13993, 0, 15840, 강하, 인연別
緣무순펭귄, 97, 563, 12291833, 385, 5929, 0, 16626542, 385, 5929, 0, 15559, 강하, 인연別
緣심바차차, 111, 637, 12138040, 0, 10796, 0, 17461291, 0, 10796, 22179, 14410, 강하, 인연別
緣心엘리시움, 166, 925, 12043023, 0, 5284, 0, 14529240, 0, 5284, 0, 14820, 강하, 인연別
新마오타이, 29, 195, 12038520, 0, 13583, 0, 20109349, 0, 13933, 0, 17721, 강하, 신의악단
켄나, 7, 74, 11936946, 0, 6426, 0, 17887841, 0, 6776, 0, 12390, 강하, 인연別
無限워니쭈니, 13, 95, 11904822, 0, 12847, 10741, 17075504, 0, 12847, 10741, 14350, 강하, 그룹 없음
SP깐도리, 156, 892, 11812290, 0, 5580, 0, 16205943, 0, 5580, 0, 14390, 강동, 그룹 없음
지누농부, 61, 351, 11757556, 0, 13287, 0, 17882426, 0, 13287, 20676, 16420, 강동, 그룹 없음
锋도사, 161, 913, 11717374, 0, 5609, 0, 16502119, 0, 5959, 20228, 18390, 강하, 그룹 없음
無限뮤라, 19, 116, 11705855, 0, 7927, 0, 17941357, 0, 8277, 14344, 18480, 강하, 그룹 없음
新진로, 59, 325, 11701392, 0, 13647, 0, 16430152, 0, 13647, 20732, 16100, 강하, 신의악단
진실장, 116, 675, 11693950, 0, 7353, 0, 13460341, 0, 7353, 0, 16076, 강하, 신의악단
친절한땡깡, 48, 264, 11632285, 3922, 10745, 0, 17706331, 3922, 10745, 20511, 17410, 강하, 인연別
別조커, 30, 197, 11619905, 0, 14859, 0, 20276774, 0, 14859, 0, 17470, 강하, 인연別
緣미니, 18, 112, 11619891, 863, 9969, 0, 18934615, 863, 9969, 0, 17180, 강하, 인연別
無限조운, 142, 810, 11518770, 29, 4696, 13866, 18598678, 29, 4696, 13866, 15780, 강하, 그룹 없음
삽질장인농부, 35, 230, 11517954, 0, 12370, 0, 16459129, 0, 12370, 20047, 16180, 강하, 그룹 없음
锋은사, 99, 569, 11470255, 27, 11404, 0, 18701616, 27, 11404, 0, 16650, 강하, 그룹 없음
锋댕이, 93, 549, 11364292, 0, 8336, 0, 17027207, 0, 8686, 20127, 15980, 강하, 그룹 없음
緣지니차차, 65, 369, 11278482, 0, 11770, 0, 16483687, 0, 11770, 0, 14050, 강하, 인연別
锋지, 54, 304, 11146958, 0, 14119, 0, 15435483, 0, 14469, 20347, 16180, 강하, 그룹 없음
新시현, 15, 102, 11000647, 3206, 16494, 0, 18542344, 3206, 16494, 0, 16830, 강하, 신의악단
緣춘자, 36, 224, 10895444, 0, 9830, 0, 16942220, 0, 9830, 17542, 16380, 강하, 인연別
뇽뇽농부, 144, 845, 10661215, 0, 7668, 0, 14313192, 0, 7668, 0, 14030, 강동, 그룹 없음
锋궁, 119, 689, 10643924, 0, 4276, 0, 15862755, 0, 4276, 0, 15890, 강하, 그룹 없음
緣이게머야, 190, 1144, 10584089, 0, 1881, 0, 12291450, 0, 1881, 0, 14700, 강동, 인연別
緣황후펭귄, 56, 315, 10490170, 0, 9129, 0, 14970422, 0, 9129, 23087, 16690, 강하, 인연別
댈티스, 66, 373, 10413170, 49, 7278, 0, 16196582, 49, 7628, 20088, 13576, 강하, 그룹 없음
锋침, 17, 110, 10255354, 2054, 9099, 0, 15249708, 2054, 9099, 0, 16330, 강하, 그룹 없음
SP은마아팟, 81, 456, 10250632, 2804, 10445, 0, 13666360, 2804, 10795, 0, 14750, 강동, 그룹 없음
SP용랑, 45, 251, 10166650, 0, 10460, 0, 15446585, 0, 10810, 22615, 17190, 강하, 그룹 없음
锋YONe, 137, 777, 9988798, 0, 5939, 0, 14090925, 0, 5939, 19295, 14920, 강동, 그룹 없음
侯낙양유치원, 162, 915, 9938862, 823, 5124, 0, 13346745, 823, 5124, 0, 14850, 강하, 그룹 없음
鋒현, 89, 518, 9785900, 1931, 10518, 20709, 15003574, 1931, 10868, 20709, 15443, 강하, 그룹 없음
우마왕, 44, 261, 9768299, 169, 11830, 0, 16058729, 169, 11830, 21042, 17860, 강하, 그룹 없음
달료라농부, 62, 366, 9718812, 3759, 11730, 0, 14881242, 3759, 11730, 22052, 13040, 강하, 그룹 없음
緣心삼성우승, 114, 656, 9582485, 588, 6299, 0, 14287122, 588, 6299, 0, 15352, 강하, 인연別
锋해장, 189, 1139, 9503973, 0, 2200, 0, 10635131, 0, 2200, 0, 13100, 강동, 그룹 없음
SP돼지감자, 9, 79, 9481521, 0, 13608, 0, 14312724, 0, 13958, 20184, 14300, 강하, 그룹 없음
新서울의밤, 33, 226, 9437997, 0, 14553, 0, 14798328, 0, 14903, 21995, 16300, 강하, 신의악단
锋신, 130, 751, 9401445, 0, 9044, 0, 15240915, 0, 9044, 24632, 16500, 강하, 그룹 없음
別미추, 42, 247, 9381011, 324, 9896, 0, 16647360, 324, 10246, 29465, 16800, 강하, 인연別
無限성난태균, 84, 492, 9301185, 0, 12635, 0, 13914838, 0, 12985, 20453, 16360, 강하, 그룹 없음
친절한백리단, 21, 141, 9238232, 1, 10903, 58274, 14206452, 1, 10903, 58274, 16193, 강하, 인연別
羊그루루루루, 92, 519, 9170952, 45, 8027, 0, 14258549, 45, 8377, 5607, 15780, 강하, 그룹 없음
SP사마선, 37, 221, 9123167, 0, 7209, 0, 12470530, 0, 7209, 21725, 13800, 강하, 그룹 없음
緣우룡, 40, 229, 9044727, 0, 12803, 0, 13484431, 0, 13153, 12834, 16380, 강하, 인연別
侯이똘망, 184, 1104, 8969561, 0, 164, 0, 11593046, 0, 164, 0, 13953, 강하, 그룹 없음
活새로, 4, 66, 8906445, 0, 14652, 0, 13512726, 0, 14652, 21446, 13470, 강동, 신의악단
別난곡사마, 181, 1084, 8880761, 0, 2051, 0, 14546726, 0, 2051, 0, 14460, 강하, 인연別
新참이슬, 170, 985, 8870548, 0, 2772, 0, 8870548, 0, 2772, 0, 10180, 강동, 신의악단
緣히데자판기, 164, 917, 8868587, 0, 5284, 0, 12769690, 0, 5634, 20821, 11380, 강동, 인연別
新시아, 73, 445, 8846926, 0, 13666, 0, 13556255, 0, 14016, 0, 14316, 강하, 신의악단
新처음처럼, 124, 715, 8841021, 1988, 7259, 0, 13298799, 1988, 7259, 0, 13860, 강동, 신의악단
緣동네, 38, 232, 8831409, 0, 13602, 0, 13691367, 0, 13952, 20291, 13690, 강하, 인연別
锋급, 90, 513, 8798111, 0, 8940, 0, 14714100, 0, 8940, 20553, 15590, 강하, 그룹 없음
無限티파니옹, 191, 1153, 8732163, 0, 1808, 0, 12635636, 0, 1808, 0, 14810, 강동, 그룹 없음
緣크으응킁, 91, 526, 8629803, 0, 10332, 0, 13149398, 0, 10332, 0, 16450, 강하, 인연別
후니농부, 64, 375, 8592994, 0, 11633, 0, 12910430, 0, 11983, 20580, 13230, 강하, 그룹 없음
緣아츠, 106, 626, 8497719, 2259, 8185, 0, 12447611, 2259, 8185, 24257, 16050, 강하, 인연別
칼가자미, 147, 851, 8482817, 0, 7896, 0, 9377891, 0, 7896, 0, 15980, 강하, 그룹 없음
超귀신좀비, 55, 305, 8435338, 0, 10631, 0, 14852255, 0, 10981, 21723, 15516, 강하, 그룹 없음
新홍주, 87, 487, 8407403, 20, 11178, 0, 15677100, 20, 11528, 11874, 15080, 강하, 신의악단
신상무, 60, 361, 8397621, 5, 12717, 0, 12959861, 5, 13067, 13885, 13700, 강하, 신의악단
힘으로해결, 80, 466, 8344406, 0, 15491, 27399, 9755796, 0, 15491, 27399, 13450, 강동, 그룹 없음
SP응삼이, 128, 732, 8287235, 0, 8485, 0, 9255535, 0, 8485, 0, 12970, 강하, 그룹 없음
別다이아, 22, 145, 8189457, 2, 12808, 0, 11857219, 2, 13158, 20734, 14490, 강동, 인연別
킹휘ㆍ, 70, 383, 8124954, 0, 7829, 0, 13232185, 0, 7829, 21669, 13646, 강하, 그룹 없음
緣탑간z, 10, 90, 8117538, 0, 14225, 0, 14779811, 0, 14225, 13892, 16300, 강하, 인연別
緣유혹의한영, 14, 103, 8094086, 0, 13356, 0, 13211216, 0, 13706, 0, 14680, 강하, 인연別
呂두령, 158, 897, 7953843, 0, 4801, 0, 12024311, 0, 4801, 20015, 13220, 강하, 그룹 없음
新소곡주, 139, 780, 7923880, 12, 6260, 12973, 13763066, 12, 6260, 12973, 14210, 강하, 신의악단
상또, 178, 1044, 7850824, 14, 3602, 0, 15148371, 14, 3602, 0, 14080, 강하, 그룹 없음
緣미남, 102, 586, 7830812, 5, 7008, 0, 12278977, 5, 7358, 0, 13450, 강하, 인연別
친절한개백정, 194, 1191, 7826763, 0, 1039, 0, 9945453, 0, 1039, 0, 9170, 강동, 인연別
锋파인, 78, 454, 7681368, 444, 12456, 0, 12534875, 444, 12806, 20458, 14910, 강하, 그룹 없음
新블랑, 82, 481, 7652390, 0, 11357, 0, 12583112, 0, 11357, 20146, 15434, 강하, 신의악단
친절한돼지, 49, 269, 7621449, 1377, 13348, 0, 12274895, 1377, 13348, 21097, 15496, 강하, 인연別
SP왕부하, 126, 723, 7532642, 13, 7197, 0, 9649353, 13, 7197, 0, 14573, 강하, 그룹 없음
SP부엉이, 53, 290, 7523298, 62, 10228, 0, 11933748, 62, 10578, 20635, 13422, 강하, 그룹 없음
無限쿠이나, 135, 766, 7450475, 0, 3780, 0, 9211094, 0, 4130, 0, 13216, 강동, 그룹 없음
땡벌농부, 104, 596, 7401492, 164, 10278, 0, 10350433, 164, 10278, 0, 13770, 강동, 그룹 없음
軍주노, 52, 288, 7324241, 0, 12994, 0, 11962163, 0, 13344, 20487, 15130, 강하, 그룹 없음
侯똘망이, 187, 1114, 7301538, 0, 857, 0, 9608452, 0, 857, 0, 13650, 강하, 그룹 없음
無限알파, 163, 916, 7276287, 0, 3867, 0, 7276287, 0, 3867, 0, 13910, 강하, 그룹 없음
無限아이스, 168, 975, 7268906, 0, 5057, 0, 11909728, 0, 5057, 0, 15455, 강하, 그룹 없음
無限호암, 145, 833, 7242045, 0, 6389, 24668, 11553061, 0, 6389, 24668, 13983, 강동, 그룹 없음
아빠別, 182, 1093, 7207465, 0, 2379, 23481, 10595958, 0, 2729, 23481, 13910, 강하, 인연別
잠자는농부, 50, 277, 7006895, 0, 10054, 0, 10616260, 0, 10054, 0, 14950, 강동, 그룹 없음
無限오리꽥꽥, 88, 501, 6996016, 0, 10981, 0, 10111813, 0, 11331, 21309, 12570, 강동, 그룹 없음
당돌한농부, 148, 842, 6962698, 1087, 3062, 0, 6962698, 1087, 3062, 0, 13010, 강동, 그룹 없음
新유유, 105, 600, 6928649, 0, 5388, 0, 10302888, 0, 5738, 0, 13402, 강하, 신의악단
锋청하, 72, 427, 6883761, 111, 11776, 0, 12054988, 111, 12126, 20743, 14043, 강하, 그룹 없음
SP전설방패, 193, 1177, 6843850, 0, 1379, 19614, 9313779, 0, 1379, 19614, 11480, 강하, 그룹 없음
無限유선, 177, 1029, 6833979, 0, 3897, 0, 10389818, 0, 4247, 21147, 12670, 강하, 그룹 없음
친절한시내, 51, 292, 6799476, 560, 10149, 0, 10357151, 560, 10499, 20312, 14203, 강하, 인연別
처제새참농부, 31, 209, 6782012, 1039, 16595, 0, 11397723, 1039, 16595, 19830, 14130, 강동, 그룹 없음
FP시현, 110, 636, 6699844, 0, 10725, 0, 10188103, 0, 11075, 0, 13630, 강하, 신의악단
新하이트, 154, 885, 6695392, 8, 7182, 0, 11194234, 8, 7182, 0, 13830, 강하, 신의악단
비루스, 121, 700, 6602887, 0, 6351, 0, 7626105, 0, 6351, 0, 15080, 강동, 그룹 없음
민회장, 192, 1175, 6480951, 0, 1764, 0, 7535204, 0, 1764, 0, 12880, 강동, 신의악단
누이새참농부, 74, 424, 6419389, 976, 13172, 0, 9431837, 976, 13522, 0, 11313, 강동, 그룹 없음
緣열하, 71, 415, 6293583, 0, 10422, 0, 9906094, 0, 10772, 20704, 13610, 강하, 인연別
無限골퍼, 100, 593, 6262424, 0, 6808, 0, 9733321, 0, 6808, 0, 14590, 강하, 그룹 없음
어머나농부, 146, 837, 6254966, 0, 3651, 0, 6254966, 0, 3651, 0, 12330, 강동, 그룹 없음
SP세경, 57, 327, 6182991, 0, 11805, 0, 9155392, 0, 12155, 0, 12430, 강동, 그룹 없음
朝우의정, 127, 725, 6162178, 0, 6880, 41214, 10833074, 0, 6880, 41214, 13753, 강하, 그룹 없음
锋솨, 103, 594, 6077727, 0, 8221, 0, 10558548, 0, 8221, 0, 13860, 강동, 그룹 없음
Lilith, 28, 178, 6063784, 7, 9188, 0, 11303335, 7, 9538, 20379, 13760, 강하, 인연別
神곰탈여우, 86, 497, 5915714, 0, 11436, 0, 8620432, 0, 11436, 21851, 12503, 강동, 그룹 없음
锋다리, 46, 262, 5851581, 0, 14250, 0, 9672975, 0, 14600, 20509, 14260, 강동, 그룹 없음
장우주, 95, 547, 5835962, 0, 9959, 0, 9463994, 0, 9959, 0, 13190, 강하, 인연別
휴우먼농부, 175, 1023, 5826172, 1, 2703, 0, 5826172, 1, 2703, 0, 14160, 강하, 그룹 없음
新마주, 83, 475, 5681563, 0, 12837, 0, 9427532, 0, 13187, 0, 11420, 강하, 신의악단
형수새참농부, 24, 153, 5606460, 20, 18544, 0, 10114249, 20, 18894, 14895, 13813, 강동, 그룹 없음
내레이버섯커, 129, 748, 5260650, 13, 7116, 0, 8744031, 13, 7466, 12831, 11236, 강동, 그룹 없음
一갓스무디, 172, 1011, 5220226, 0, 3120, 0, 6079624, 0, 3120, 0, 9043, 강동, 그룹 없음
無限스티브, 140, 785, 5209347, 446, 7327, 0, 10134429, 446, 7327, 18844, 13260, 강동, 그룹 없음
別타막, 151, 861, 5163810, 0, 6228, 0, 7923135, 0, 6228, 0, 12450, 강동, 인연別
新순하리, 150, 894, 5009166, 0, 6534, 0, 5586647, 0, 6534, 0, 6810, 강동, 신의악단
캔나, 109, 634, 4897434, 0, 9779, 0, 8282965, 0, 10129, 0, 11020, 강하, 인연別
때찌얌, 123, 739, 4888020, 0, 8826, 0, 7280085, 0, 8826, 0, 11440, 강동, 그룹 없음
緣心시그너스, 134, 773, 4887616, 720, 7788, 0, 8307123, 720, 7788, 0, 11880, 강동, 인연別
無帝곰탈여우, 79, 464, 4862822, 469, 12413, 0, 7725997, 469, 12413, 10165, 11179, 강동, 그룹 없음
SP스랄, 112, 639, 4644891, 899, 9748, 0, 9869168, 899, 9748, 17225, 14220, 강하, 그룹 없음
無限비즈마키, 149, 843, 4544806, 0, 4128, 0, 8814882, 0, 4128, 0, 11180, 강동, 그룹 없음
侯짱뚱어, 122, 713, 4513932, 48, 8338, 0, 7843241, 48, 8688, 33838, 10846, 강하, 그룹 없음
新별빛청하, 131, 752, 4470249, 0, 7350, 0, 7922881, 0, 7350, 20398, 12340, 강하, 신의악단
別용라핀, 200, , 4135969, 0, 0, 0, 4135969, 0, 0, 0, 8810, 강동, 인연別부
오전이는농부, 125, 717, 4096620, 0, 7432, 0, 6350419, 0, 7432, 0, 9610, 강동, 그룹 없음
新크러시, 75, 437, 4088529, 0, 13366, 0, 6388480, 0, 13366, 23556, 10570, 강동, 신의악단
ST자방, 160, 918, 4043262, 21, 4485, 0, 5205737, 21, 4485, 0, 10420, 강동, 그룹 없음
初한라산, 169, 983, 3859314, 702, 2364, 0, 5790222, 702, 2714, 0, 9400, 강동, 신의악단
無限혜원, 199, , 3679817, 0, 0, 0, 4971272, 0, 0, 0, 9520, 강동, 그룹 없음
新기네스, 63, 362, 3592269, 370, 12872, 0, 6203653, 370, 12872, 0, 12060, 강동, 신의악단
新어차피, 179, 1064, 3573879, 0, 542, 0, 5585561, 0, 542, 21380, 11423, 강동, 신의악단
活향이, 186, 1113, 3475646, 0, 959, 23059, 5261195, 0, 959, 23059, 10640, 강동, 신의악단
無限아귀, 188, 1125, 3413827, 1, 2189, 0, 4606635, 1, 2189, 22429, 6966, 강하, 그룹 없음
別한군, 198, 1227, 3322361, 0, 600, 76500, 3969278, 0, 600, 76500, 7630, 강동, 인연別
無帝라면, 120, 693, 3289591, 0, 9666, 0, 9247025, 0, 10016, 0, 10910, 강하, 그룹 없음
無帝제갈송, 159, 929, 3251064, 0, 6087, 0, 4595479, 0, 6087, 0, 11060, 강동, 그룹 없음
锋와직염, 98, 572, 3194991, 842, 9537, 170260, 6502166, 842, 9887, 170260, 9320, 강동, 그룹 없음
농부테스형, 176, 1028, 3176715, 0, 3024, 0, 5504101, 0, 3374, 0, 8660, 강하, 그룹 없음
新진빔레몬, 155, 899, 3109161, 11, 6753, 0, 4988606, 11, 6753, 0, 9566, 강하, 신의악단
新옙솔루트, 180, 1080, 2911272, 0, 1547, 0, 3655590, 0, 1547, 0, 8110, 강동, 신의악단
無限거지왕초, 153, 869, 2648861, 1, 4449, 0, 2752649, 1, 4449, 0, 7110, 강동, 그룹 없음
武이른새벽, 141, 805, 2348877, 0, 6778, 0, 2348877, 0, 6778, 0, 7360, 강동, 그룹 없음
锋시부, 143, 815, 2300443, 0, 8391, 0, 2451457, 0, 8391, 0, 12600, 강동, 그룹 없음
남유ヘ, 152, 864, 2030285, 283, 5719, 0, 2429967, 283, 5719, 0, 9690, 강동, 그룹 없음
無限koko, 115, 673, 2029725, 1214, 8112, 0, 5514029, 1214, 8112, 0, 11720, 강동, 그룹 없음
SP파주형, 67, 385, 1752309, 3256, 13530, 0, 4682747, 3256, 13530, 0, 10740, 강동, 그룹 없음
가평군의무, 174, 1035, 1653123, 0, 4212, 0, 2687758, 0, 4562, 20661, 7260, 강동, 그룹 없음
킹넬ㆍ, 183, 1097, 1069276, 0, 638, 0, 1366109, 0, 638, 0, 10040, 강동, 그룹 없음
緣알바트로스, 195, 1192, 258072, 0, 1155, 0, 518127, 0, 1155, 13890, 1740, 강동, 인연別부
無限알터, 165, 940, 141375, 0, 2520, 0, 141375, 0, 2520, 0, 7800, 강동, 그룹 없음
