회원, 공헌 랭킹, 공헌이번 주, 전공이번 주, 협공이번 주, 기부이번 주, 공헌총량, 전공총량, 협공총량, 기부총량, 세력치, 소속 진영, 그룹
SP연어,26,602244,0,0,0,65422710,"144,955 ",42368,138386,26690, 서촉, 그룹 없음
SPㆍ킹,33,863871,0,0,0,66453432,"179,334 ",14388,253051,27740, 서촉, 그룹 없음
혀누임,57,542037,1,100,0,47184310,"73,022 ",31357,134559,27306, 서촉, 그룹 없음
酒고주,96,719124,7085,0,0,40415173,"68,483 ",27799,204512,22923, 서촉, 그룹 없음
巛커피오랑,44,176565,3529,150,0,45854348,"116,970 ",35398,128173,23063, 서촉, 그룹 없음
SP수달,145,0,0,0,0,22640372,"44,188 ",22454,269847,15023, 서촉, 그룹 없음
巛태제,144,9916014,264,0,0,67217730,"61,202 ",7559,221239,30810, 서촉, 그룹 없음
众화극,28,8706340,0,0,363179,124012024,"163,244 ",26853,363179,31530, 서촉, 그룹 없음
侯똘망이,83,5786775,0,0,0,75104172,"96,010 ",21743,0,23330, 서촉, 그룹 없음
내레이버섯커,108,3683223,3503,0,0,51056694,"65,818 ",23521,7233,24560, 서촉, 그룹 없음
SP전설방패,163,3673698,0,0,0,55891646,"24,794 ",21968,267705,25550, 서촉, 그룹 없음
힘으로해결,156,3621273,171,100,0,38980418,"4,942 ",50719,95834,23093, 서촉, 그룹 없음
巛꿀차,79,3483099,0,0,0,56323338,"103,195 ",14346,0,28140, 서촉, 그룹 없음
巛국태,193,2983092,0,50,0,16728129,"3,800 ",3877,0,12933, 서촉, 그룹 없음
巛에데,91,2879445,3070,0,0,54044539,"62,892 ",32561,245498,22970, 서촉, 그룹 없음
巛르브론,136,2653041,7213,350,0,49155899,"62,434 ",10486,5934,18900, 서촉, 그룹 없음
巛수릉,66,2377224,326,2150,0,46743193,"91,214 ",42101,172179,23346, 서촉, 그룹 없음
SP파주형,139,2049045,0,35,0,35574381,"35,380 ",30550,188539,21970, 서촉, 그룹 없음
众야차,23,1868979,0,0,0,67125691,"155,243 ",27627,136152,31450, 서촉, 그룹 없음
기미사,49,1762893,0,0,0,78272072,"120,435 ",20295,248430,27550, 서촉, 그룹 없음
巛조이,60,1644564,0,0,0,66528125,"88,724 ",40259,145974,23270, 서촉, 그룹 없음
酒시부,149,1626606,0,0,0,32758536,"19,134 ",32844,166710,21280, 서촉, 그룹 없음
巛태리,171,1547412,0,0,0,53083729,"13,979 ",19816,344123,29230, 서촉, 그룹 없음
SP스랄,76,1516716,1128,0,0,47772376,"79,185 ",30134,107750,21310, 서촉, 그룹 없음
巛한라,22,1493601,3947,0,0,69819159,"165,124 ",29681,4920,29880, 서촉, 그룹 없음
관음사,126,1484586,2957,0,0,43859744,"45,668 ",26545,241019,22610, 서촉, 그룹 없음
SP세경,119,1443117,0,0,0,53337560,"32,080 ",31304,251619,28210, 서촉, 그룹 없음
巛두루이드,110,1354245,1213,0,0,66181226,"56,312 ",34108,510113,28100, 서촉, 그룹 없음
侯낙양유치원,75,1322208,0,0,0,60100691,"99,973 ",19295,28740,27200, 서촉, 그룹 없음
巛삐카츄,11,1275132,7394,0,0,71206132,"216,695 ",23747,86308,31600, 서촉, 그룹 없음
巛두둥,154,1268634,0,1150,0,41668889,"34,580 ",23688,613787,18763, 서촉, 그룹 없음
巛신유나,16,1245108,24909,0,0,87122456,"208,195 ",18858,138469,31680, 서촉, 그룹 없음
巛진소한,73,1230216,19388,0,0,55084333,"102,580 ",23154,136516,24690, 서촉, 그룹 없음
SP용랑,10,1223610,10542,0,0,76063884,"214,682 ",37061,0,28680, 서촉, 그룹 없음
呂두령,143,1220616,3319,0,0,39833103,"39,670 ",24794,265277,18010, 서촉, 그룹 없음
巛지민,94,1201410,4389,0,0,47195094,"71,963 ",29477,0,26873, 서촉, 그룹 없음
侯이똘망,46,1149759,0,0,0,75373733,"142,075 ",24048,0,28670, 서촉, 그룹 없음
酒퍼슈수,80,1082967,11336,0,0,57907583,"87,149 ",20077,210516,27430, 서촉, 그룹 없음
대선싫어,20,1059995,0,0,69359,58385949,"118,864 ",62525,197079,28220, 서촉, 그룹 없음
酒파인,122,1001685,0,0,0,37337313,"23,798 ",37960,265609,19340, 서촉, 그룹 없음
우마왕,97,939381,0,50,0,59419355,"63,792 ",30594,157582,23723, 서촉, 그룹 없음
상또,104,882720,5646,0,0,78018927,"91,871 ",12035,0,30390, 서촉, 그룹 없음
SP깐도리,25,874530,16334,0,0,54246430,"205,965 ",8902,0,21630, 서촉, 그룹 없음
巛나간다,72,864615,0,0,0,79236972,"102,352 ",26050,120593,33050, 서촉, 그룹 없음
巛冰탕후루,5,851766,0,0,0,76892275,"287,275 ",33455,4184,28119, 서촉, 그룹 없음
巛룡,99,834114,365,0,0,39115470,"65,727 ",27560,131279,18843, 서촉, 그룹 없음
巛양고기,195,777474,0,1050,0,22331020,0 ,2201,0,16840, 파군, 그룹 없음
남유ヘ,109,771618,0,0,0,40357914,"67,831 ",14154,248556,21370, 서촉, 그룹 없음
축둥,21,694752,2321,85,0,77707641,"142,962 ",37848,212080,23993, 서촉, 그룹 없음
SP사마선,101,692106,0,0,0,58023086,"74,338 ",20427,290344,21200, 서촉, 그룹 없음
YUNONE,81,670614,0,0,0,57435675,"92,641 ",21724,138114,24610, 서촉, 그룹 없음
無帝곰탈여우,77,648204,0,0,0,49878654,"67,833 ",30910,0,24240, 서촉, 그룹 없음
巛Aka,74,610417,3682,100,0,64299769,"96,543 ",28113,262774,25012, 서촉, 그룹 없음
巛아카,71,580038,11604,50,0,53302730,"114,932 ",19502,450446,20630, 서촉, 그룹 없음
천신공,148,546930,7,35,0,26456051,"13,245 ",46260,555702,15020, 서촉, 그룹 없음
킹휘ㆍ,100,429735,654,0,0,45187070,"70,052 ",32531,145799,19010, 서촉, 그룹 없음
酒정뱅이,30,416703,8336,0,0,48080319,"115,673 ",44075,124346,27010, 서촉, 그룹 없음
众헤리티지,62,392211,0,0,0,57654006,"106,935 ",29841,122639,27390, 서촉, 그룹 없음
기숙사,140,382125,7644,0,0,33020701,"47,154 ",17032,594667,20340, 서촉, 그룹 없음
ㅋㅎヘ,93,354666,0,0,0,42703108,"66,020 ",32620,218194,24643, 서촉, 그룹 없음
巛소고기,38,347544,0,0,0,61439936,"105,444 ",33045,243990,21550, 서촉, 그룹 없음
巛연개소문,37,298699,5968,100,0,63209257,"132,255 ",32359,3307,28090, 서촉, 그룹 없음
無帝제갈송,190,259758,5195,450,0,37435779,"8,957 ",2050,0,25520, 서촉, 그룹 없음
SP포고라니,27,255783,4479,50,0,53288747,"133,944 ",27224,252488,25160, 서촉, 그룹 없음
酒현덕,19,216276,2383,0,0,87822008,"198,175 ",30382,4476,32830, 서촉, 그룹 없음
희안사,63,182786,0,85,132864,58335574,"83,629 ",39716,361136,27443, 서촉, 그룹 없음
원통사,29,162210,3246,0,0,45317187,"169,341 ",26556,127378,25459, 서촉, 그룹 없음
巛감토,142,150789,0,700,0,46102791,"35,045 ",21280,248637,21820, 서촉, 그룹 없음
휴식라니,98,146280,2914,0,0,26725380,"86,355 ",14137,1472428,12626, 서촉, 그룹 없음
酒맹덕,41,137859,0,0,0,68471262,"147,351 ",29923,4712,29730, 서촉, 그룹 없음
酒보연사,169,127368,0,0,0,32009325,"8,503 ",32009,2370705,17490, 서촉, 그룹 없음
ST자방,166,115410,0,0,0,35827393,"27,749 ",16453,240682,18330, 서촉, 그룹 없음
侯짱뚱어,102,106719,2138,50,0,32167445,"56,195 ",40496,182052,23150, 서촉, 그룹 없음
巛눈웃음씨,118,98958,1981,0,0,36056944,"48,080 ",34164,259550,19960, 서촉, 그룹 없음
SP은마아팟,58,94709,1074,35,0,45694635,"90,645 ",23032,229003,20613, 서촉, 그룹 없음
SP부엉이,53,44541,891,0,0,57874629,"111,651 ",29121,99388,24823, 서촉, 그룹 없음
众사치,9,36909,739,0,0,72101800,"275,751 ",19645,134197,28080, 서촉, 그룹 없음
狂견,158,10085,0,0,1008556,36336726,"15,009 ",22619,2879220,16380, 서촉, 그룹 없음
巛운서,153,2626,0,0,262631,55251897,"34,816 ",20074,504259,18550, 서촉, 그룹 없음
통도사,14,39,0,150,0,74962719,"214,608 ",12789,272006,31013, 서촉, 그룹 없음
巛궁귀,86,6,0,0,0,58777847,"64,907 ",35529,247368,23870, 서촉, 그룹 없음
無帝라면,56,0,0,0,0,67082746,"112,666 ",26577,269825,28870, 서촉, 그룹 없음
여호수야,64,0,0,0,0,69233475,"129,146 ",12981,5394,28220, 서촉, 그룹 없음
巛순신,194,0,0,0,0,3780425,0 ,4032,0,8760, 파군, 그룹 없음
神곰탈여우,135,0,0,0,0,36162690,"38,747 ",28774,0,26650, 서촉, 그룹 없음
킹넬ㆍ,105,0,0,35,0,35052017,"63,465 ",17488,130590,18090, 서촉, 그룹 없음
巛키리야스,40,0,0,0,0,67526659,"122,194 ",30004,402665,31290, 서촉, 그룹 없음
众조선한량,181,0,0,0,0,34383312,"5,179 ",15082,127253,18820, 서촉, 그룹 없음
軍주노,151,0,0,0,0,26645778,"27,522 ",24264,0,18223, 서촉, 그룹 없음
巛우드,141,0,0,0,0,35002472,"34,223 ",25164,175762,16560, 서촉, 그룹 없음
SP돼지감자,13,0,0,0,0,71874787,"188,937 ",36345,286162,24050, 서촉, 그룹 없음
巛청담베이비,59,0,0,0,0,50027628,"71,900 ",58608,262856,21620, 서촉, 그룹 없음
흑색의용,168,0,0,0,0,24474328,"41,176 ",6292,167645,15353, 서촉, 그룹 없음
킹아야ㆍ,7,0,0,0,0,59983407,"246,955 ",41047,195400,20260, 서촉, 그룹 없음
칼가자미,47,0,0,0,0,63803257,"133,559 ",24109,255506,29773, 서촉, 그룹 없음
킹느ㆍ,199,0,0,0,0,10340,0 ,0,0,126, 파군, 그룹 없음
友조르바,132,0,0,0,0,29205700,"42,693 ",27643,322201,14730, 서촉, 그룹 없음
SP응삼이,130,0,0,0,0,52475437,"58,512 ",14816,261307,23690, 서촉, 그룹 없음
众이치,112,0,0,0,0,72714388,"80,515 ",13624,0,33030, 서촉, 그룹 없음
一갓스무디,89,0,0,0,0,38488374,"61,917 ",41940,510163,21080, 서촉, 그룹 없음
武집게리아,192,0,0,0,0,23030525,"5,422 ",2796,137231,12580, 서촉, 그룹 없음
SP하노이,34,0,0,0,0,83695991,"157,688 ",18176,4474,28630, 서촉, 그룹 없음
SP왕부하,152,0,0,0,0,50160091,"44,427 ",15325,373387,23370, 서촉, 그룹 없음
巛픽션,54,0,0,0,0,58184385,"102,988 ",32365,338168,30130, 서촉, 그룹 없음
酒청하淸,147,0,0,0,0,35442291,"44,501 ",17558,123866,18410, 서촉, 그룹 없음
無限대구장,35,266511,0,0,0,64297376,"146,036 ",31652,152413,28300, 서촉, 무한
無限회장,161,944184,0,0,0,35924547,"16,814 ",30716,0,19170, 서촉, 무한
칼끝,2,5611806,14845,0,0,103624798,"368,989 ",36601,137611,31430, 서촉, 무한
無限혜원,113,4674351,0,0,0,35232537,"38,229 ",34916,249693,22810, 서촉, 무한
無限뮤라,12,2883279,0,0,0,73004687,"207,302 ",30455,130584,29946, 서촉, 무한
無限사장,173,2668728,1976,50,0,52744721,"19,303 ",12908,316089,19579, 서촉, 무한
無限조운,6,2343318,21595,0,0,81375387,"303,325 ",4238,133761,26330, 서촉, 무한
無限회남자,184,2315994,0,0,236161,15129082,0 ,17585,2887609,13450, 서촉, 무한
無限마쉬,185,2070112,0,0,488029,14730283,0 ,19268,1867186,14350, 서촉, 무한
無限대박,120,2014533,0,0,0,76233168,"73,962 ",11213,432942,26420, 서촉, 무한
비루스,133,1860768,2979,0,0,39924627,"43,446 ",18969,205930,23780, 서촉, 무한
無限호암,159,939237,0,0,0,35117647,"30,988 ",23631,221230,21520, 서촉, 무한
無限아가릿,186,664767,0,0,0,18199483,"5,673 ",12449,442005,17970, 서촉, 무한
無限성난태균,114,647460,0,0,0,51538541,"66,143 ",25132,337144,23570, 서촉, 무한
無限유선,146,455967,0,0,0,33005032,"37,599 ",21307,254897,18100, 서촉, 무한
無限티파니옹,45,402645,0,0,0,76398157,"142,175 ",17655,69280,23235, 서촉, 무한
無限골퍼,116,207894,0,0,0,38002454,"38,123 ",22495,43568,19620, 서촉, 무한
반달가슴용,90,169038,3381,350,0,34630260,"72,962 ",16620,347658,22360, 서촉, 무한
無限비즈마키,128,167545,3296,0,279163,34504478,"38,741 ",32263,712410,18170, 서촉, 무한
無限koko,155,134271,732,0,0,31044586,"27,110 ",26865,13426,18910, 서촉, 무한
無限거지왕초,178,57981,1160,0,0,12801357,"18,752 ",9264,255485,15370, 서촉, 무한
無限쿠이나,106,0,0,0,0,33374494,"43,657 ",20418,8958,20903, 서촉, 무한
無限오리꽥꽥,115,0,0,0,0,45063796,"54,739 ",33622,205451,17610, 서촉, 무한
神폭주레드홍,117,0,0,0,0,45111053,"43,814 ",38891,104348,21956, 서촉, 무한
無限알터,39,0,0,0,0,59816795,"122,717 ",35222,369457,23250, 서촉, 무한
無限알파,15,0,0,0,0,69979465,"206,576 ",13620,283872,28680, 서촉, 무한
無限동백,24,0,0,0,0,65493792,"143,709 ",33049,280081,29930, 서촉, 무한
無限아이스,137,0,0,0,0,27323447,"37,561 ",28219,406412,18000, 서촉, 무한
無限스티브,131,0,0,0,0,31438511,"32,625 ",25779,968805,21050, 서촉, 무한
無限워니쭈니,52,0,0,0,0,72419502,"119,149 ",25382,185477,26026, 서촉, 무한
영오농부,42,792858,7422,35,0,69325155,"120,109 ",44864,126078,28500, 서촉, 영농조합
으랏차차농부,4,86772,0,0,0,101521661,"321,038 ",27229,147932,29140, 서촉, 영농조합
쉬는농부,68,5948286,7510,0,0,79420591,"107,987 ",17046,460402,29270, 서촉, 영농조합
후니농부,125,5710215,0,0,0,42351540,"50,229 ",27678,213520,19666, 서촉, 영농조합
농부테스형,88,4388728,0,0,0,60125434,"64,647 ",33063,165452,27183, 서촉, 영농조합
오전이는농부,31,3771684,4462,0,0,66902852,"157,723 ",23526,0,26430, 서촉, 영농조합
삽질장인농부,67,3080925,7500,0,0,58069821,"116,947 ",23632,4418,23920, 서촉, 영농조합
마스터농부,17,2976468,0,35,0,67344258,"143,551 ",34474,247565,26870, 서촉, 영농조합
달료라농부,70,2363468,0,50,0,51371905,"94,556 ",28209,281033,28780, 서촉, 영농조합
태리농부,1,1456497,13648,0,0,91995950,"396,011 ",22487,161914,27980, 서촉, 영농조합
공대생농부,191,1455066,0,0,0,27080628,"7,934 ",2000,0,11200, 서촉, 영농조합
어머나농부,95,1194633,8333,0,0,54986097,"91,112 ",18630,126562,26690, 서촉, 영농조합
풀프리농부,175,1039800,21,0,0,48562903,"14,150 ",20592,0,16160, 서촉, 영농조합
羊보까,18,749538,1669,0,0,83140412,"179,610 ",33957,0,27130, 서촉, 영농조합
때찌얌,92,611244,0,0,0,46397631,"48,963 ",40022,321316,25880, 서촉, 영농조합
땡벌농부,87,495993,3116,0,0,61269767,"91,874 ",21231,285139,27080, 서촉, 영농조합
羊수학,3,490231,3381,0,0,85373322,"348,171 ",35405,251901,30096, 서촉, 영농조합
잠자는농부,32,355866,3743,0,0,67668946,"147,611 ",29963,131086,28150, 서촉, 영농조합
뇽뇽농부,172,343416,0,735,0,43664092,"17,662 ",24132,128927,20820, 서촉, 영농조합
아련한농부,61,291423,5831,0,0,62507012,"132,516 ",11383,0,21623, 서촉, 영농조합
지누농부,51,188952,0,35,0,55331684,"101,326 ",33983,126102,23633, 서촉, 영농조합
형수새참농부,103,175800,4,35,0,64218119,"59,634 ",30892,255426,21820, 서촉, 영농조합
풀푸리농부,160,128031,2562,0,0,38760193,"31,256 ",19791,401212,16930, 서촉, 영농조합
당돌한농부,50,116370,2330,0,0,61180775,"127,381 ",25100,247413,28480, 서촉, 영농조합
처제새참농부,85,0,0,0,0,71968893,"66,406 ",28532,208580,23430, 서촉, 영농조합
귤,78,0,0,0,0,87888789,"79,013 ",31304,0,27940, 서촉, 영농조합
늑대와농부,196,0,0,0,0,20765948,0 ,2999,1549392,20133, 서촉, 영농조합
휴우먼농부,174,0,0,0,0,37604047,"22,980 ",10520,143473,20853, 서촉, 영농조합
누이새참농부,187,0,0,0,0,29777121,"2,993 ",14635,4109,18553, 서촉, 영농조합
RZ작은하마,183,2406,0,0,0,61387292,"18,538 ",7656,0,18353, 서촉, 하마
에그맨,134,4815222,0,35,0,50670330,"40,630 ",19901,245538,16950, 서촉, 하마
RZ찬블리,107,3937521,3696,0,0,72848883,"80,719 ",21353,246321,23690, 서촉, 하마
궤도민수,180,3510396,0,350,0,32096486,"13,409 ",14546,250432,16670, 서촉, 하마
너혼자레벨업,170,2043684,0,0,0,14283309,"15,756 ",24465,257335,12030, 서촉, 하마
호섭,43,1796712,13828,0,0,60126623,"130,130 ",23302,247276,28120, 서촉, 하마
특이점,48,1788735,17524,0,0,43498660,"122,064 ",31751,522640,21590, 서촉, 하마
탱구,165,1784577,1591,350,0,50248639,"33,527 ",10099,111410,23010, 서촉, 하마
미칸,121,1702515,0,385,0,56394280,"58,510 ",22391,260123,18250, 서촉, 하마
더블샷콘파냐,162,1596498,0,0,0,68323920,"31,267 ",14568,64691,21890, 서촉, 하마
정경,188,1393691,0,0,0,22571318,0 ,15876,427130,11080, 파군, 하마
아이유애나,179,1300167,0,0,0,35120662,"2,036 ",25238,372527,17300, 서촉, 하마
으따뭐시다요,150,1078074,4170,35,0,22520140,"37,069 ",20184,132994,15313, 서촉, 하마
불세출미르,138,1060908,499,0,0,30224232,"44,337 ",20629,518451,17173, 서촉, 하마
별난I칼라I,164,997176,0,0,0,32778664,"25,958 ",18277,0,17750, 서촉, 하마
탐스러워,82,791568,0,0,0,53121366,"73,578 ",23821,348140,18543, 서촉, 하마
군주봉,189,714771,756,0,0,27322772,"10,353 ",4859,0,15760, 서촉, 하마
딱구,157,709221,0,0,0,47003249,"31,652 ",19637,85006,24943, 서촉, 하마
라스웰,111,708663,3580,0,0,44922213,"76,698 ",18127,144705,17793, 서촉, 하마
스누피모모,167,693894,6087,0,0,35935251,"30,067 ",15652,5074,18180, 서촉, 하마
홍프로님,198,686058,0,350,0,14328745,0 ,1092,0,16410, 서촉, 하마
이스턴,127,647730,5725,0,0,40556967,"63,341 ",16668,170282,18300, 서촉, 하마
RZ곤,69,616029,5575,400,0,66961366,"106,788 ",20553,250559,17120, 서촉, 하마
듀크라이너,182,517548,0,700,0,26346449,"17,887 ",7563,115955,14680, 서촉, 하마
골뱅이조조,129,358005,0,0,0,31133534,"50,968 ",24053,126730,19160, 서촉, 하마
兄용왕고래,177,345531,0,0,0,33168580,"11,497 ",19383,322186,19560, 서촉, 하마
민책,55,203496,4071,0,0,70249010,"120,711 ",23276,3685,29800, 서촉, 하마
투쌈,176,128475,2570,0,0,42226013,"19,987 ",13983,0,17693, 서촉, 하마
지와빠,65,43758,877,0,0,62383115,"105,961 ",29323,244836,23710, 서촉, 하마
RZ디에스,84,0,0,0,0,85084515,"89,758 ",26998,4238,27710, 서촉, 하마
푸른해,36,0,0,0,0,74399787,"152,700 ",27963,125624,32000, 서촉, 하마
RZ간웅님,8,0,0,0,0,91092144,"230,715 ",36215,128589,31370, 서촉, 하마
한무제유철,124,0,0,0,0,69247181,"59,524 ",23365,236420,29440, 서촉, 하마
弓꽃노숙,197,0,0,0,0,15597543,0 ,532,559417,17183, 서촉, 하마
RZ무리안,123,0,0,0,0,57571535,"74,163 ",6949,131212,13220, 서촉, 하마
